token,kind,count
CT,ALPHA,3456
ICU,ALPHA,1042
PICC,ALPHA,503
CA,ALPHA,430
PET,ALPHA,377
CA125,ALNUM,310
DAY,ALPHA,267
PETCT,ALPHA,234
EMO,ALPHA,224
PD1,ALNUM,219
OK,ALPHA,170
PS,ALPHA,167
TA,ALPHA,149
AI,ALPHA,135
CEA,ALPHA,134
4A,ALNUM,119
PLOG,ALPHA,113
TM,ALPHA,106
MM,ALPHA,104
CR,ALPHA,101
HER2,ALNUM,99
3C,ALNUM,94
PD,ALPHA,82
MR,ALPHA,81
HE4,ALNUM,80
DOWN,ALPHA,78
HPV,ALPHA,78
CANCER,ALPHA,74
4B,ALNUM,72
CA199,ALNUM,70
5CM,ALNUM,69
MRI,ALPHA,66
TSH,ALPHA,66
PCR,ALPHA,65
YOU,ALPHA,65
1CM,ALNUM,59
TMD,ALPHA,57
PYQ,ALPHA,57
ING,ALPHA,56
TG,ALPHA,55
CART,ALPHA,53
THE,ALPHA,52
AND,ALPHA,52
FISH,ALPHA,50
BE,ALPHA,49
100ML,ALNUM,49
MD,ALPHA,47
HRD,ALPHA,47
R0,ALNUM,47
2CM,ALNUM,47
CAR,ALPHA,46
UP,ALPHA,44
APP,ALPHA,44
3CM,ALNUM,43
TO,ALPHA,43
FLAG,ALPHA,42
4C,ALNUM,42
LIFE,ALPHA,42
GET,ALPHA,42
5MM,ALNUM,41
TOMO,ALPHA,40
NO,ALPHA,39
SO,ALPHA,39
NICE,ALPHA,38
IV,ALPHA,38
PR,ALPHA,37
SI,ALPHA,37
OR,ALPHA,36
SAD,ALPHA,35
DY,ALPHA,35
IS,ALPHA,34
OFFER,ALPHA,34
DAY1,ALNUM,34
LOVE,ALPHA,34
MY,ALPHA,34
BB,ALPHA,34
7CM,ALNUM,33
ER,ALPHA,33
AML,ALPHA,32
P1,ALNUM,32
IN,ALPHA,31
GOOD,ALPHA,30
3A,ALNUM,30
PUA,ALPHA,30
500ML,ALNUM,30
RIP,ALPHA,30
BRCA,ALPHA,29
PPT,ALPHA,29
KB,ALPHA,29
BUT,ALPHA,29
CA153,ALNUM,28
P2,ALNUM,28
SB,ALPHA,28
1W,ALNUM,28
KI67,ALNUM,28
6CM,ALNUM,27
IT,ALPHA,27
TC,ALPHA,27
TONY,ALPHA,26
1C,ALNUM,26
MARK,ALPHA,25
4CM,ALNUM,25
IPAD,ALPHA,25
EMMM,ALPHA,25
ALK,ALPHA,25
IPHONE,ALPHA,25
LEO,ALPHA,25
2B,ALNUM,25
KTV,ALPHA,25
VIP,ALPHA,24
LIVE,ALPHA,24
8CM,ALNUM,24
8MM,ALNUM,23
3B,ALNUM,23
SKY,ALPHA,23
2W,ALNUM,23
PRAY,ALPHA,23
ME,ALPHA,23
24H,ALNUM,23
3MM,ALNUM,22
SCC,ALPHA,22
ECT,ALPHA,22
MFA,ALPHA,22
PDL1,ALNUM,22
CALL,ALPHA,22
NSE,ALPHA,22
HHH,ALPHA,21
6MM,ALNUM,21
M5,ALNUM,21
HI,ALPHA,21
10W,ALNUM,21
HAPPY,ALPHA,21
HER,ALPHA,21
LG,ALPHA,21
DAY2,ALNUM,21
LUCKY,ALPHA,21
OMG,ALPHA,21
EGFR,ALPHA,21
N95,ALNUM,21
PEACE,ALPHA,20
DIE,ALPHA,20
DNA,ALPHA,20
ANYWAY,ALPHA,20
FOR,ALPHA,20
WILL,ALPHA,20
PTSD,ALPHA,20
LIKE,ALPHA,20
BABY,ALPHA,20
MONEY,ALPHA,20
CVC,ALPHA,20
ESD,ALPHA,19
CAN,ALPHA,19
ON,ALPHA,19
HELLO,ALPHA,19
MDS,ALPHA,19
MEWGULF,ALPHA,19
5KG,ALNUM,19
M2,ALNUM,19
TCT,ALPHA,19
FINE,ALPHA,19
VLOG,ALPHA,19
BOSS,ALPHA,19
SH,ALPHA,18
MDT,ALPHA,18
III,ALPHA,18
1A,ALNUM,18
INS,ALPHA,18
GG,ALPHA,18
BY,ALPHA,18
DE,ALPHA,18
DS8201,ALNUM,17
TDM1,ALNUM,17
DAY3,ALNUM,17
KI,ALPHA,17
BAD,ALPHA,17
COCO,ALPHA,17
BTW,ALPHA,17
100MG,ALNUM,17
BRCA1,ALNUM,17
P3,ALNUM,17
FAFA,ALPHA,16
T4,ALNUM,16
NI,ALPHA,16
DR,ALPHA,16
LL,ALPHA,16
1B,ALNUM,16
PP,ALPHA,16
3W,ALNUM,16
2MM,ALNUM,16
ONE,ALPHA,16
D1,ALNUM,16
BUFF,ALPHA,15
9MM,ALNUM,15
4MM,ALNUM,15
CC,ALPHA,15
5W,ALNUM,15
R1,ALNUM,15
HH,ALPHA,15
SAY,ALPHA,15
JIO,ALPHA,15
MMS,ALPHA,15
PO,ALPHA,15
ID,ALPHA,15
WHAT,ALPHA,15
AC,ALPHA,14
CARE,ALPHA,14
LP,ALPHA,14
EB,ALPHA,14
KK,ALPHA,14
FIGHTING,ALPHA,14
PORT,ALPHA,14
ORZ,ALPHA,14
NK,ALPHA,14
LOW,ALPHA,14
2A,ALNUM,14
80MG,ALNUM,14
200ML,ALNUM,14
AM,ALPHA,14
CCU,ALPHA,14
HARD,ALPHA,14
PSA,ALPHA,14
MAMA,ALPHA,14
GO,ALPHA,14
PK,ALPHA,13
JUST,ALPHA,13
DEEPSEEK,ALPHA,13
DAY4,ALNUM,13
T3,ALNUM,13
VS,ALPHA,13
7MM,ALNUM,13
BYE,ALPHA,13
KFC,ALPHA,13
HO,ALPHA,13
REST,ALPHA,13
EMMMM,ALPHA,13
MET,ALPHA,13
TP53,ALNUM,13
EMM,ALPHA,13
CV,ALPHA,13
50ML,ALNUM,12
YL,ALPHA,12
EVERYTHING,ALPHA,12
YQ,ALPHA,12
200W,ALNUM,12
30MG,ALNUM,12
OVER,ALPHA,12
HOLD,ALPHA,12
CTA,ALPHA,12
HR,ALPHA,12
WIFI,ALPHA,12
PART,ALPHA,12
ZZ,ALPHA,12
3D,ALNUM,12
ALL,ALPHA,12
WB,ALPHA,12
TF,ALPHA,12
DO,ALPHA,12
1000ML,ALNUM,12
M3,ALNUM,12
MMP,ALPHA,12
HIFU,ALPHA,12
AD,ALPHA,12
CTC,ALPHA,11
HL,ALPHA,11
10CM,ALNUM,11
SORRY,ALPHA,11
BRAF,ALPHA,11
SUV,ALPHA,11
DDL,ALPHA,11
AFP,ALPHA,11
NT,ALPHA,11
MOM,ALPHA,11
WORLD,ALPHA,11
15CM,ALNUM,11
WE,ALPHA,11
BALABALA,ALPHA,11
MISS,ALPHA,11
MU5735,ALNUM,11
DAY6,ALNUM,11
B1,ALNUM,11
PICU,ALPHA,11
P4,ALNUM,11
9CM,ALNUM,11
SD,ALPHA,11
SJ,ALPHA,11
20W,ALNUM,11
KEEP,ALPHA,11
VERY,ALPHA,11
NM,ALPHA,11
HE,ALPHA,11
THANK,ALPHA,11
NEWS,ALPHA,10
TSH0,ALNUM,10
TG0,ALNUM,10
10ML,ALNUM,10
OF,ALPHA,10
HAVE,ALPHA,10
L1,ALNUM,10
D2,ALNUM,10
5MG,ALNUM,10
DAY5,ALNUM,10
THIS,ALPHA,10
BABA,ALPHA,10
WITH,ALPHA,10
TT,ALPHA,10
BOT,ALPHA,10
END,ALPHA,10
FZ,ALPHA,10
EM,ALPHA,10
BI,ALPHA,10
OS,ALPHA,10
IIIA,ALPHA,10
GIRL,ALPHA,10
WHY,ALPHA,10
CA724,ALNUM,10
TODAY,ALPHA,10
FUCK,ALPHA,10
DAY8,ALNUM,10
3K,ALNUM,10
DD,ALPHA,9
BATTLE,ALPHA,9
YUE,ALPHA,9
B6,ALNUM,9
PTCD,ALPHA,9
RADS,ALPHA,9
HAIC,ALPHA,9
2G,ALNUM,9
THAT,ALPHA,9
DS,ALPHA,9
ALWAYS,ALPHA,9
ICON,ALPHA,9
10MM,ALNUM,9
WHO,ALPHA,9
MT,ALPHA,9
NBA,ALPHA,9
HY,ALPHA,9
M1,ALNUM,9
8MG,ALNUM,9
1K,ALNUM,9
FAMILY,ALPHA,9
DAY9,ALNUM,9
JPG,ALPHA,9
3G,ALNUM,9
13MM,ALNUM,9
COVID,ALPHA,9
NND,ALPHA,9
BRCA2,ALNUM,9
II,ALPHA,9
CM,ALPHA,9
WOC,ALPHA,9
BUSHI,ALPHA,9
YC,ALPHA,9
ADC,ALPHA,9
RNG,ALPHA,9
DG,ALPHA,9
TIPS,ALPHA,8
VB,ALPHA,8
8KG,ALNUM,8
D15,ALNUM,8
GGT,ALPHA,8
BEST,ALPHA,8
DAY11,ALNUM,8
40MG,ALNUM,8
GOD,ALPHA,8
YEAR,ALPHA,8
SHIT,ALPHA,8
4W,ALNUM,8
2K,ALNUM,8
DAY19,ALNUM,8
DON,ALPHA,8
SHI,ALPHA,8
TIME,ALPHA,8
HOPE,ALPHA,8
250ML,ALNUM,8
ALT,ALPHA,8
GAP,ALPHA,8
NOT,ALPHA,8
CINDY,ALPHA,8
DAY7,ALNUM,8
TAKE,ALPHA,8
20MG,ALNUM,8
PROGRP,ALPHA,8
BJ,ALPHA,8
MSS,ALPHA,8
EC,ALPHA,8
FT4,ALNUM,8
LIST,ALPHA,8
UU,ALPHA,8
P6,ALNUM,8
LC,ALPHA,8
CRP,ALPHA,8
1MM,ALNUM,8
CHRISTMAS,ALPHA,8
3000ML,ALNUM,8
ML,ALPHA,8
NIKI,ALPHA,8
JERRY,ALPHA,8
PARP,ALPHA,8
USANA,ALPHA,8
MANAGER,ALPHA,8
A4,ALNUM,8
IVB,ALPHA,8
YES,ALPHA,8
C125,ALNUM,7
SOLO,ALPHA,7
10H,ALNUM,7
20ML,ALNUM,7
NEVER,ALPHA,7
QY,ALPHA,7
YI,ALPHA,7
G2,ALNUM,7
MAYBE,ALPHA,7
2H,ALNUM,7
RT,ALPHA,7
JJ,ALPHA,7
LITTLE,ALPHA,7
10MG,ALNUM,7
EASY,ALPHA,7
ARE,ALPHA,7
6K,ALNUM,7
DAD,ALPHA,7
NTM,ALPHA,7
1KG,ALNUM,7
2KG,ALNUM,7
30ML,ALNUM,7
5K,ALNUM,7
SHA,ALPHA,7
LAW,ALPHA,7
WY,ALPHA,7
CU,ALPHA,7
7K,ALNUM,7
4K,ALNUM,7
150MG,ALNUM,7
CASE,ALPHA,7
JH,ALPHA,7
RESPECT,ALPHA,7
WW,ALPHA,7
FOREVER,ALPHA,7
WHATEVER,ALPHA,7
SRDS,ALPHA,7
LO,ALPHA,7
5N,ALNUM,7
GAY,ALPHA,7
KPI,ALPHA,7
HHHH,ALPHA,7
15W,ALNUM,7
MAY,ALPHA,7
AGAIN,ALPHA,7
OOTD,ALPHA,7
LUMINAL,ALPHA,7
PETER,ALPHA,7
CYFRA21,ALNUM,7
50W,ALNUM,7
BEN,ALPHA,6
DAY21,ALNUM,6
MG,ALPHA,6
P5,ALNUM,6
VILLA,ALPHA,6
GJ,ALPHA,6
MOI,ALPHA,6
ZQ,ALPHA,6
LULU,ALPHA,6
DEAR,ALPHA,6
WORD,ALPHA,6
BRAC1,ALNUM,6
IPMN,ALPHA,6
1H,ALNUM,6
DIPG,ALPHA,6
SISTER,ALPHA,6
SUCKS,ALPHA,6
DAY16,ALNUM,6
IG,ALPHA,6
D6,ALNUM,6
TMB,ALPHA,6
TAS102,ALNUM,6
MA,ALPHA,6
CDS,ALPHA,6
20MM,ALNUM,6
6H,ALNUM,6
SY,ALPHA,6
HIGH,ALPHA,6
HP,ALPHA,6
4G,ALNUM,6
HCG,ALPHA,6
DIC,ALPHA,6
STILL,ALPHA,6
ELENI,ALPHA,6
YT,ALPHA,6
T2,ALNUM,6
B2,ALNUM,6
REPO,ALPHA,6
WBC,ALPHA,6
PASS,ALPHA,6
6W,ALNUM,6
DSA,ALPHA,6
DAY32,ALNUM,6
600ML,ALNUM,6
LY,ALPHA,6
WELL,ALPHA,6
ERBB,ALPHA,6
COVER,ALPHA,6
ZF,ALPHA,6
FROM,ALPHA,6
CD4,ALNUM,6
DAY27,ALNUM,6
HIN,ALPHA,6
ENDING,ALPHA,6
30CM,ALNUM,6
JO,ALPHA,6
HS,ALPHA,6
HOW,ALPHA,6
MERRY,ALPHA,6
LCU,ALPHA,6
50MG,ALNUM,6
14MM,ALNUM,6
IIB,ALPHA,6
YM,ALPHA,6
QAQ,ALPHA,6
VC,ALPHA,6
15MM,ALNUM,6
7W,ALNUM,6
5ML,ALNUM,6
VB12,ALNUM,6
CN,ALPHA,6
CNM,ALPHA,6
18MM,ALNUM,6
SAT,ALPHA,6
APPLE,ALPHA,6
DAY26,ALNUM,6
LUCK,ALPHA,6
8W,ALNUM,6
R2,ALNUM,6
BUG,ALPHA,6
LV,ALPHA,6
CHOP,ALPHA,5
NOTTODAY,ALPHA,5
CDFI,ALPHA,5
MRD,ALPHA,5
PLUS,ALPHA,5
YF,ALPHA,5
WTF,ALPHA,5
10KG,ALNUM,5
YOYO,ALPHA,5
12MM,ALNUM,5
1B3,ALNUM,5
LAST,ALPHA,5
QJ,ALPHA,5
MO,ALPHA,5
BETTER,ALPHA,5
MF,ALPHA,5
DAY15,ALNUM,5
A1C,ALNUM,5
100W,ALNUM,5
EMMMMM,ALPHA,5
HZ,ALPHA,5
VO,ALPHA,5
BO,ALPHA,5
WWW,ALPHA,5
EGFR19,ALNUM,5
RF,ALPHA,5
HAD,ALPHA,5
CH,ALPHA,5
52KG,ALNUM,5
H3K27M,ALNUM,5
ENJOY,ALPHA,5
IIA,ALPHA,5
TEAM,ALPHA,5
LOL,ALPHA,5
JUDY,ALPHA,5
VI,ALPHA,5
HTTP,ALPHA,5
RS,ALPHA,5
CA242,ALNUM,5
SIMON,ALPHA,5
FABULOUS,ALPHA,5
ETO,ALPHA,5
BACK,ALPHA,5
OC,ALPHA,5
SW,ALPHA,5
EP,ALPHA,5
FT3,ALNUM,5
30W,ALNUM,5
IA,ALPHA,5
PT,ALPHA,5
400CC,ALNUM,5
4S,ALNUM,5
12MG,ALNUM,5
FUN,ALPHA,5
ONLY,ALPHA,5
ESTAR,ALPHA,5
UNCLE,ALPHA,5
SL,ALPHA,5
MP3,ALNUM,5
DAY40,ALNUM,5
RU,ALPHA,5
TAYLOR,ALPHA,5
CDK46,ALNUM,5
D50,ALNUM,5
EICU,ALPHA,5
WH,ALPHA,5
D18,ALNUM,5
SUN,ALPHA,5
FREE,ALPHA,5
CS,ALPHA,5
THU,ALPHA,5
HK,ALPHA,5
DAY31,ALNUM,5
1000CC,ALNUM,5
GYM,ALPHA,5
SWITCH,ALPHA,5
FOLLOW,ALPHA,5
DISS,ALPHA,5
5G,ALNUM,5
NIGHT,ALPHA,5
MIN,ALPHA,5
TAG,ALPHA,5
CD,ALPHA,5
PAPA,ALPHA,5
MON,ALPHA,5
LD,ALPHA,5
LA,ALPHA,5
AAA,ALPHA,5
CRRT,ALPHA,5
HCC,ALPHA,5
TPO,ALPHA,5
50G,ALNUM,5
AT,ALPHA,5
DIY,ALPHA,5
60MG,ALNUM,5
LZ,ALPHA,5
120W,ALNUM,5
TERT,ALPHA,5
FB,ALPHA,5
D46,ALNUM,5
PLEASE,ALPHA,5
DAY24,ALNUM,5
PUSH,ALPHA,5
LOG,ALPHA,5
PCT,ALPHA,5
ZC,ALPHA,5
DMMR,ALPHA,5
IIIC,ALPHA,5
CA19,ALNUM,5
FM,ALPHA,5
DAY14,ALNUM,5
LET,ALPHA,5
RR,ALPHA,5
12H,ALNUM,5
TB,ALPHA,5
FAN,ALPHA,5
PUQ,ALPHA,5
DAY13,ALNUM,5
LUMINALB,ALPHA,5
DAY12,ALNUM,5
TOUGH,ALPHA,5
DAY30,ALNUM,5
DAY17,ALNUM,5
CO,ALPHA,5
LU,ALPHA,5
IIIB,ALPHA,5
MUCH,ALPHA,5
20CM,ALNUM,4
P53,ALNUM,4
ENFP,ALPHA,4
40G,ALNUM,4
IF,ALPHA,4
5KM,ALNUM,4
DAY38,ALNUM,4
RE,ALPHA,4
UPC,ALPHA,4
CTDNA,ALPHA,4
RH,ALPHA,4
SZ,ALPHA,4
JC,ALPHA,4
T2N0M0,ALNUM,4
DAY100,ALNUM,4
HIS,ALPHA,4
LEADER,ALPHA,4
HELP,ALPHA,4
BA,ALPHA,4
MOVE,ALPHA,4
OFFER3,ALNUM,4
TEST,ALPHA,4
ABB,ALPHA,4
7G,ALNUM,4
400MG,ALNUM,4
D30,ALNUM,4
JR,ALPHA,4
LLY,ALPHA,4
POPPY,ALPHA,4
20MIN,ALNUM,4
SOUL,ALPHA,4
COOL,ALPHA,4
ANN,ALPHA,4
HAS,ALPHA,4
DAY97,ALNUM,4
BELIKE,ALPHA,4
UNCLEP,ALPHA,4
ST,ALPHA,4
SUPER,ALPHA,4
48H,ALNUM,4
BUGGY,ALPHA,4
PAD,ALPHA,4
T3N0M0,ALNUM,4
DEADLINE,ALPHA,4
25G,ALNUM,4
DATE,ALPHA,4
JY,ALPHA,4
ZJJ,ALPHA,4
D16,ALNUM,4
MOE,ALPHA,4
ZS,ALPHA,4
300CC,ALNUM,4
RET,ALPHA,4
500CC,ALNUM,4
SG,ALPHA,4
WOW,ALPHA,4
FLOWER,ALPHA,4
10G,ALNUM,4
D28,ALNUM,4
1ML,ALNUM,4
P7,ALNUM,4
BF,ALPHA,4
DAY25,ALNUM,4
ATM,ALPHA,4
PIERRE,ALPHA,4
JOHN,ALPHA,4
LINGORM,ALPHA,4
4KG,ALNUM,4
13G,ALNUM,4
18G,ALNUM,4
QIE,ALPHA,4
2ND,ALNUM,4
M4,ALNUM,4
PI,ALPHA,4
GQ,ALPHA,4
4000ML,ALNUM,4
EVERY,ALPHA,4
D3,ALNUM,4
GUIDO,ALPHA,4
TSH2,ALNUM,4
LIVEHOUSE,ALPHA,4
AST,ALPHA,4
HEART,ALPHA,4
DAY91,ALNUM,4
VR,ALPHA,4
L5,ALNUM,4
PROF,ALPHA,4
LILY,ALPHA,4
IL,ALPHA,4
DPO,ALPHA,4
350ML,ALNUM,4
FRI,ALPHA,4
CZ,ALPHA,4
ZKD,ALPHA,4
B12,ALNUM,4
SET,ALPHA,4
MERRILY,ALPHA,4
WED,ALPHA,4
DREAM,ALPHA,4
TUE,ALPHA,4
400ML,ALNUM,4
OUT,ALPHA,4
DBQ,ALPHA,4
MOMO,ALPHA,4
D45,ALNUM,4
PIAPIA,ALPHA,4
BC,ALPHA,4
WHEN,ALPHA,4
COFFEE,ALPHA,4
HIV,ALPHA,4
THINGS,ALPHA,4
LINE,ALPHA,4
TOLD,ALPHA,4
DAY46,ALNUM,4
D4,ALNUM,4
40CM,ALNUM,4
DOCTOR,ALPHA,4
1G,ALNUM,4
GAME,ALPHA,4
TACE,ALPHA,4
TI,ALPHA,4
UC,ALPHA,4
DAY22,ALNUM,4
DU,ALPHA,4
MAD,ALPHA,4
NET,ALPHA,4
BGM,ALPHA,4
DAY87,ALNUM,4
MINI,ALPHA,4
AZ,ALPHA,4
DER,ALPHA,4
EN,ALPHA,4
STAY,ALPHA,4
YU,ALPHA,4
DAY18,ALNUM,4
45KG,ALNUM,4
D56,ALNUM,4
AG,ALPHA,4
DAY20,ALNUM,4
7KG,ALNUM,4
MATTER,ALPHA,4
PDD,ALPHA,4
TRACK,ALPHA,4
800ML,ALNUM,4
MYSELF,ALPHA,4
LS,ALPHA,4
YD,ALPHA,4
DAY54,ALNUM,4
GGDD,ALPHA,4
KG,ALPHA,4
150ML,ALNUM,4
D71,ALNUM,4
0CM,ALNUM,4
HEY,ALPHA,4
NJ,ALPHA,4
CET,ALPHA,4
S4,ALNUM,4
HPV52,ALNUM,4
5L,ALNUM,4
BELLO,ALPHA,4
KEVIN,ALPHA,4
D10,ALNUM,4
LM,ALPHA,4
PRE,ALPHA,4
BRO,ALPHA,4
D21,ALNUM,4
EVENING,ALPHA,4
R3,ALNUM,4
300ML,ALNUM,4
HERE,ALPHA,4
D47,ALNUM,4
700ML,ALNUM,4
FRIEND,ALPHA,4
PLAN,ALPHA,4
HERO,ALPHA,4
ROCKY,ALPHA,4
COPD,ALPHA,4
D22,ALNUM,4
GEORGE,ALPHA,4
SS,ALPHA,4
4AM,ALNUM,4
SURVIVOR,ALPHA,4
D32,ALNUM,4
WHATSAPP,ALPHA,4
SAE,ALPHA,4
NN,ALPHA,4
FU,ALPHA,4
ALLAH,ALPHA,4
TSH3,ALNUM,4
GENGEN,ALPHA,4
ATG,ALPHA,4
CA72,ALNUM,4
70MM,ALNUM,4
AA,ALPHA,4
ICU2,ALNUM,4
6G,ALNUM,4
SISIMO,ALPHA,4
22MM,ALNUM,3
30MM,ALNUM,3
D49,ALNUM,3
VOL,ALPHA,3
ENTP,ALPHA,3
13CM,ALNUM,3
BOBO,ALPHA,3
D57,ALNUM,3
D43,ALNUM,3
D44,ALNUM,3
RUTH,ALPHA,3
D100,ALNUM,3
ZG,ALPHA,3
SIR,ALPHA,3
POLLY,ALPHA,3
YEAH,ALPHA,3
D97,ALNUM,3
BILL,ALPHA,3
BU,ALPHA,3
FJNU,ALPHA,3
NOTE,ALPHA,3
D52,ALNUM,3
GYT,ALPHA,3
LONG,ALPHA,3
US,ALPHA,3
D24,ALNUM,3
THAN,ALPHA,3
NF,ALPHA,3
FIGHT,ALPHA,3
D67,ALNUM,3
EVERYDAY,ALPHA,3
D60,ALNUM,3
DANCE,ALPHA,3
D20,ALNUM,3
TKI,ALPHA,3
YOUNG,ALPHA,3
D36,ALNUM,3
FEEL,ALPHA,3
DAY37,ALNUM,3
CT6,ALNUM,3
3RD,ALNUM,3
YAO,ALPHA,3
D69,ALNUM,3
D59,ALNUM,3
MAMI,ALPHA,3
8KM,ALNUM,3
DAY43,ALNUM,3
7KM,ALNUM,3
MP,ALPHA,3
JL,ALPHA,3
LJJ,ALPHA,3
WANG,ALPHA,3
SECRET,ALPHA,3
YZ,ALPHA,3
BUILD,ALPHA,3
DIAO,ALPHA,3
D39,ALNUM,3
THH,ALPHA,3
DMSO,ALPHA,3
CJL,ALPHA,3
D72,ALNUM,3
KO,ALPHA,3
EMMA,ALPHA,3
JACK,ALPHA,3
HD,ALPHA,3
ACTH,ALPHA,3
SHORT,ALPHA,3
STUDIO,ALPHA,3
TNND,ALPHA,3
WARNING,ALPHA,3
CROSSED,ALPHA,3
RACHEL,ALPHA,3
P0RT,ALNUM,3
D12,ALNUM,3
ZM,ALPHA,3
TCBHP,ALPHA,3
PLCC,ALPHA,3
14W,ALNUM,3
ING2,ALNUM,3
LEEP,ALPHA,3
NEW,ALPHA,3
GOING,ALPHA,3
STRONG,ALPHA,3
HURT,ALPHA,3
D85,ALNUM,3
DAY51,ALNUM,3
KATHRYN,ALPHA,3
SEE,ALPHA,3
MBTI,ALPHA,3
YJ,ALPHA,3
SF,ALPHA,3
9KG,ALNUM,3
BP,ALPHA,3
TELL,ALPHA,3
CRAZY,ALPHA,3
JOY,ALPHA,3
500MG,ALNUM,3
FRANK,ALPHA,3
33G,ALNUM,3
TOGETHER,ALPHA,3
CLAUDIN18,ALNUM,3
KM,ALPHA,3
ANGELABABY,ALPHA,3
HA,ALPHA,3
YOURSELF,ALPHA,3
4MG,ALNUM,3
2000ML,ALNUM,3
INFJ,ALPHA,3
MORNING,ALPHA,3
SHARE,ALPHA,3
AMY,ALPHA,3
BREAK,ALPHA,3
RUA,ALPHA,3
BRA,ALPHA,3
STRAYKIDS,ALPHA,3
AK,ALPHA,3
NOW,ALPHA,3
D63,ALNUM,3
JI,ALPHA,3
NONO,ALPHA,3
HIAHIAHIA,ALPHA,3
D84,ALNUM,3
1500ML,ALNUM,3
MORE,ALPHA,3
UPUP,ALPHA,3
PMMR,ALPHA,3
LOSER,ALPHA,3
BETH,ALPHA,3
18CM,ALNUM,3
A1,ALNUM,3
JOE,ALPHA,3
D62,ALNUM,3
DAY50,ALNUM,3
GOGOGO,ALPHA,3
WS,ALPHA,3
OUR,ALPHA,3
GONE,ALPHA,3
FF,ALPHA,3
FUYIN,ALPHA,3
SCI,ALPHA,3
FDA,ALPHA,3
CHARLIE,ALPHA,3
MSI,ALPHA,3
JUE,ALPHA,3
FEI,ALPHA,3
GE,ALPHA,3
D80,ALNUM,3
TFBOYS,ALPHA,3
RO,ALPHA,3
HARRY,ALPHA,3
DAY60,ALNUM,3
DDD,ALPHA,3
LB,ALPHA,3
D70,ALNUM,3
GC,ALPHA,3
SIGH,ALPHA,3
13W,ALNUM,3
BAG,ALPHA,3
PATCT,ALPHA,3
CENTER,ALPHA,3
25CM,ALNUM,3
CHECK,ALPHA,3
Q12H,ALNUM,3
PTEN,ALPHA,3
YEAR4,ALNUM,3
PATIENT,ALPHA,3
SOS,ALPHA,3
SWIFT,ALPHA,3
TIMES,ALPHA,3
N2,ALNUM,3
ARTIST,ALPHA,3
BILLKIN,ALPHA,3
WORK,ALPHA,3
DAY167,ALNUM,3
DI,ALPHA,3
O10,ALNUM,3
TOMORROW,ALPHA,3
ANOTHER,ALPHA,3
LIU,ALPHA,3
SBRT,ALPHA,3
T1N0M0,ALNUM,3
NMD,ALPHA,3
FALL,ALPHA,3
FL,ALPHA,3
MUST,ALPHA,3
TALK,ALPHA,3
POSITIVE,ALPHA,3
20S,ALNUM,3
DM,ALPHA,3
REBECCA,ALPHA,3
21MM,ALNUM,3
T1,ALNUM,3
KEY,ALPHA,3
60KG,ALNUM,3
EE,ALPHA,3
NED,ALPHA,3
56KG,ALNUM,3
D8,ALNUM,3
SARS,ALPHA,3
PC,ALPHA,3
KD,ALPHA,3
16G,ALNUM,3
RBC,ALPHA,3
DAY10,ALNUM,3
V600E,ALNUM,3
CMJ,ALPHA,3
PTCT,ALPHA,3
FDG,ALPHA,3
DJ,ALPHA,3
WO,ALPHA,3
CUE,ALPHA,3
DAY96,ALNUM,3
1000MG,ALNUM,3
Q10,ALNUM,3
200MG,ALNUM,3
ART,ALPHA,3
ZI,ALPHA,3
LOCKDOWN,ALPHA,3
JIOJIO,ALPHA,3
DAY84,ALNUM,3
ITS,ALPHA,3
YO,ALPHA,3
A2,ALNUM,3
LZY,ALPHA,3
FATHER,ALPHA,3
AS,ALPHA,3
900ML,ALNUM,3
433M,ALNUM,3
STAND,ALPHA,3
DLBCL,ALPHA,3
LUNCH,ALPHA,3
POWER,ALPHA,3
STOP,ALPHA,3
LOGO,ALPHA,3
CT3,ALNUM,3
M0,ALNUM,3
DAY23,ALNUM,3
DANA,ALPHA,3
53MM,ALNUM,3
D9,ALNUM,3
SHOU,ALPHA,3
15MG,ALNUM,3
90ML,ALNUM,3
BRAVE,ALPHA,3
WJY,ALPHA,3
19MM,ALNUM,3
O3,ALNUM,3
KRAS,ALPHA,3
7H,ALNUM,3
CT2,ALNUM,3
RADS5,ALNUM,3
40W,ALNUM,3
GM,ALPHA,3
MOA,ALPHA,3
AN,ALPHA,3
M4EO,ALNUM,3
TGAB,ALPHA,3
50GY,ALNUM,3
JB,ALPHA,3
BELIEVE,ALPHA,3
D31,ALNUM,3
60W,ALNUM,3
PAIN,ALPHA,3
MAN,ALPHA,3
35KG,ALNUM,3
D35,ALNUM,3
SCHOOL,ALPHA,3
LAB,ALPHA,3
D38,ALNUM,3
AH,ALPHA,3
NGS,ALPHA,3
200CC,ALNUM,3
TOO,ALPHA,3
49KG,ALNUM,3
OFFICIAL,ALPHA,3
46KG,ALNUM,3
BRAC,ALPHA,3
MAC,ALPHA,3
OH,ALPHA,3
71G,ALNUM,3
IMRT,ALPHA,3
CDKN2AB,ALNUM,3
D13,ALNUM,3
D23,ALNUM,3
WAIT,ALPHA,3
DAY35,ALNUM,3
TGA,ALPHA,3
KY,ALPHA,3
ETC,ALPHA,3
STUDYACCOUNT,ALPHA,3
DAY365,ALNUM,3
SV,ALPHA,3
BOB,ALPHA,3
HPV16,ALNUM,3
D14,ALNUM,3
YAN,ALPHA,3
30G,ALNUM,3
TV,ALPHA,3
T790M,ALNUM,3
VP16,ALNUM,3
D11,ALNUM,3
GIRLS,ALPHA,3
GRE,ALPHA,3
PARTY,ALPHA,3
WANT,ALPHA,3
NEC,ALPHA,3
16CM,ALNUM,3
IN77A,ALNUM,3
D41,ALNUM,3
12G,ALNUM,3
YS,ALPHA,3
8H,ALNUM,3
CRT,ALPHA,3
FI,ALPHA,3
ANGEL,ALPHA,2
VIA,ALPHA,2
27G,ALNUM,2
RBG,ALPHA,2
ROUTINE,ALPHA,2
5TH,ALNUM,2
9HE4,ALNUM,2
DEMON,ALPHA,2
9G,ALNUM,2
HOOK,ALPHA,2
DAY47,ALNUM,2
60ML,ALNUM,2
WAS,ALPHA,2
IBO,ALPHA,2
DAY88,ALNUM,2
CELEBRATE,ALPHA,2
PUMA,ALPHA,2
STRESS,ALPHA,2
CONSCIOUS,ALPHA,2
4F,ALNUM,2
SRT,ALPHA,2
DAY130,ALNUM,2
1440ML,ALNUM,2
ALONE,ALPHA,2
DATING,ALPHA,2
FATE,ALPHA,2
COLON,ALPHA,2
TRUTH,ALPHA,2
HCO3,ALNUM,2
WEEK,ALPHA,2
19G,ALNUM,2
00AM,ALNUM,2
MARTY,ALPHA,2
5A,ALNUM,2
BABE,ALPHA,2
DAY131,ALNUM,2
8G,ALNUM,2
FEELINGS,ALPHA,2
EMOJI,ALPHA,2
1C2,ALNUM,2
DEATH,ALPHA,2
DAY41,ALNUM,2
IC,ALPHA,2
TUT,ALPHA,2
SUMMER,ALPHA,2
IDEA,ALPHA,2
SUI,ALPHA,2
GRANDMA,ALPHA,2
55KG,ALNUM,2
MAKE,ALPHA,2
DAUGHTER,ALPHA,2
DAY63,ALNUM,2
4KM,ALNUM,2
DL,ALPHA,2
ALICIA,ALPHA,2
EVER,ALPHA,2
DAY98,ALNUM,2
2ML,ALNUM,2
PEOPLE,ALPHA,2
CHAI,ALPHA,2
LIGHT,ALPHA,2
MORA,ALPHA,2
DQ,ALPHA,2
25MM,ALNUM,2
THEM,ALPHA,2
DUI,ALPHA,2
DAY53,ALNUM,2
CIN3,ALNUM,2
SOCIAL,ALPHA,2
FUTURE,ALPHA,2
DAY52,ALNUM,2
17CM,ALNUM,2
T4N0M0,ALNUM,2
3ML,ALNUM,2
FS,ALPHA,2
LK,ALPHA,2
BEEN,ALPHA,2
WTM,ALPHA,2
NIU,ALPHA,2
70MG,ALNUM,2
WRONG,ALPHA,2
DAI,ALPHA,2
CRYING,ALPHA,2
HUQ,ALPHA,2
NIUNIU,ALPHA,2
ZH,ALPHA,2
IC1,ALNUM,2
DAY28,ALNUM,2
BOY,ALPHA,2
DAY48,ALNUM,2
0K,ALNUM,2
MUA,ALPHA,2
JIA,ALPHA,2
REMEMBER,ALPHA,2
OPPO,ALPHA,2
7M,ALNUM,2
4ML,ALNUM,2
PB,ALPHA,2
C199,ALNUM,2
3H,ALNUM,2
SEKARANG,ALPHA,2
LEGEND,ALPHA,2
KIMI,ALPHA,2
BIA,ALPHA,2
G1,ALNUM,2
JG,ALPHA,2
SP,ALPHA,2
T3N1M0,ALNUM,2
SAME,ALPHA,2
DAY65,ALNUM,2
SABATERE,ALPHA,2
3HE4,ALNUM,2
DAY75,ALNUM,2
SEVEN,ALPHA,2
PIG,ALPHA,2
SCC1,ALNUM,2
DAY80,ALNUM,2
OVER2,ALNUM,2
TSH10,ALNUM,2
TG140,ALNUM,2
180MG,ALNUM,2
YAIC,ALPHA,2
TRIP,ALPHA,2
1800ML,ALNUM,2
I0,ALNUM,2
SENIOR,ALPHA,2
CD30,ALNUM,2
TOM,ALPHA,2
HEMOHIM,ALPHA,2
OW,ALPHA,2
NICK,ALPHA,2
TAIDI,ALPHA,2
PROFESSOR,ALPHA,2
BACKSTREET,ALPHA,2
KGET,ALPHA,2
DLL3,ALNUM,2
DAY39,ALNUM,2
P2P,ALNUM,2
55KM,ALNUM,2
CT11,ALNUM,2
JUDGE,ALPHA,2
MEETING,ALPHA,2
BOYS,ALPHA,2
30CT,ALNUM,2
ICU95,ALNUM,2
72KG,ALNUM,2
NAI,ALPHA,2
DAY57,ALNUM,2
300MG,ALNUM,2
CDK4,ALNUM,2
DAY330,ALNUM,2
KT,ALPHA,2
45CM,ALNUM,2
ZHAO,ALPHA,2
BK,ALPHA,2
P8,ALNUM,2
HOUSE,ALPHA,2
NANA,ALPHA,2
PETCET,ALPHA,2
PT1,ALNUM,2
DAY331,ALNUM,2
REJEAN,ALPHA,2
GUI,ALPHA,2
JIN,ALPHA,2
3KG,ALNUM,2
WINTER,ALPHA,2
10TH,ALNUM,2
30MIN,ALNUM,2
SHOCK,ALPHA,2
FF14,ALNUM,2
DAY90,ALNUM,2
9H,ALNUM,2
DAY93,ALNUM,2
LN,ALPHA,2
BAR,ALPHA,2
BUSY,ALPHA,2
50KG,ALNUM,2
JUMP,ALPHA,2
BERBER,ALPHA,2
BING,ALPHA,2
MODEL,ALPHA,2
D5,ALNUM,2
125MG,ALNUM,2
GUO,ALPHA,2
ZICO,ALPHA,2
STORY,ALPHA,2
KPL,ALPHA,2
D83,ALNUM,2
ATTENDING,ALPHA,2
D77,ALNUM,2
GAN,ALPHA,2
ARGUE,ALPHA,2
3L,ALNUM,2
KRIS,ALPHA,2
12W,ALNUM,2
LYF,ALPHA,2
DAY310,ALNUM,2
LAWRENCE,ALPHA,2
ANNE,ALPHA,2
ZBS,ALPHA,2
YENA,ALPHA,2
DAISY,ALPHA,2
FANG,ALPHA,2
LIEGE,ALPHA,2
PETE,ALPHA,2
LIHUA,ALPHA,2
CA50,ALNUM,2
FRAMED,ALPHA,2
CELLS,ALPHA,2
BUSWIFT,ALPHA,2
NJZ,ALPHA,2
BRUNCH,ALPHA,2
SVIP,ALPHA,2
BRIAN,ALPHA,2
B3,ALNUM,2
WCWCWC,ALPHA,2
YOURS,ALPHA,2
PHD,ALPHA,2
D7,ALNUM,2
MZI,ALPHA,2
KAREN,ALPHA,2
COLE,ALPHA,2
KOITZSCH,ALPHA,2
L3,ALNUM,2
CHECKING,ALPHA,2
ABU,ALPHA,2
DAN,ALPHA,2
ZUI,ALPHA,2
10D,ALNUM,2
EGFR20,ALNUM,2
TYR,ALPHA,2
3KM,ALNUM,2
D37,ALNUM,2
WQ,ALPHA,2
40MIN,ALNUM,2
UPDATE,ALPHA,2
WYH,ALPHA,2
DJP,ALPHA,2
3TMR,ALNUM,2
D55,ALNUM,2
RC,ALPHA,2
DAY29,ALNUM,2
HIAHIAHIA2,ALNUM,2
YUNA,ALPHA,2
T3NOMO,ALNUM,2
HARVEY,ALPHA,2
IZ,ALPHA,2
D26,ALNUM,2
YUHUA,ALPHA,2
PUB,ALPHA,2
NORM,ALPHA,2
2CN,ALNUM,2
LUCIA,ALPHA,2
AL,ALPHA,2
D40,ALNUM,2
D117,ALNUM,2
32W,ALNUM,2
ANNA,ALPHA,2
MAO,ALPHA,2
D126,ALNUM,2
D129,ALNUM,2
HN,ALPHA,2
ER8,ALNUM,2
IRIS,ALPHA,2
IFTY,ALPHA,2
BEV,ALPHA,2
D132,ALNUM,2
KL,ALPHA,2
LMZ,ALPHA,2
D134,ALNUM,2
TK1,ALNUM,2
MJ,ALPHA,2
PR15,ALNUM,2
FY,ALPHA,2
D82,ALNUM,2
17B,ALNUM,2
TARGET,ALPHA,2
RIGHT,ALPHA,2
TEACHER,ALPHA,2
WITHOUT,ALPHA,2
PAINS,ALPHA,2
DC,ALPHA,2
D112,ALNUM,2
D114,ALNUM,2
LGR,ALPHA,2
AFTER,ALPHA,2
43KG,ALNUM,2
CJ,ALPHA,2
ZL,ALPHA,2
1S,ALNUM,2
DARA,ALPHA,2
ECMO,ALPHA,2
PETRICHOR,ALPHA,2
BTS,ALPHA,2
LUCAS,ALPHA,2
BEFORE,ALPHA,2
89CM,ALNUM,2
HBVDNA,ALPHA,2
PORTOS,ALPHA,2
BUN,ALPHA,2
D139,ALNUM,2
70G,ALNUM,2
SAMANTHA,ALPHA,2
11G,ALNUM,2
5H,ALNUM,2
100M,ALNUM,2
LEFT,ALPHA,2
GRATEFUL,ALPHA,2
SMILE,ALPHA,2
CEO,ALPHA,2
PROJECT,ALPHA,2
ALKP,ALPHA,2
D140,ALNUM,2
D141,ALNUM,2
47KG,ALNUM,2
TG5,ALNUM,2
REGRET,ALPHA,2
D144,ALNUM,2
D146,ALNUM,2
CD20,ALNUM,2
NINA,ALPHA,2
ZHU,ALPHA,2
PANDA,ALPHA,2
ALB,ALPHA,2
D156,ALNUM,2
D130,ALNUM,2
ANGELA,ALPHA,2
DAY34,ALNUM,2
ZU,ALPHA,2
DBS,ALPHA,2
C1,ALNUM,2
LUMAKRAS,ALPHA,2
5FU,ALNUM,2
D104,ALNUM,2
JDT,ALPHA,2
JESUS,ALPHA,2
WANMEI,ALPHA,2
2L,ALNUM,2
D107,ALNUM,2
80ML,ALNUM,2
TK,ALPHA,2
D19,ALNUM,2
40KG,ALNUM,2
ENOUGH,ALPHA,2
D27,ALNUM,2
D33,ALNUM,2
30MMHG,ALNUM,2
CHAYANNE,ALPHA,2
50MIN,ALNUM,2
MCT,ALPHA,2
ZAI,ALPHA,2
CEA8,ALNUM,2
LALA,ALPHA,2
MEME,ALPHA,2
NELSON,ALPHA,2
K67,ALNUM,2
DEI,ALPHA,2
LMQ,ALPHA,2
1P19Q,ALNUM,2
CEA2,ALNUM,2
DEAUVILLE,ALPHA,2
14KG,ALNUM,2
10K,ALNUM,2
L4,ALNUM,2
DESERVE,ALPHA,2
100MGK,ALNUM,2
FC,ALPHA,2
GR,ALPHA,2
KAI,ALPHA,2
200MG10,ALNUM,2
8G30,ALNUM,2
ZYW,ALPHA,2
D87,ALNUM,2
SN,ALPHA,2
D89,ALNUM,2
SAGE,ALPHA,2
SIF,ALPHA,2
GIGI,ALPHA,2
D90,ALNUM,2
N1,ALNUM,2
LJ,ALPHA,2
D95,ALNUM,2
D99,ALNUM,2
YOGA,ALPHA,2
ZHENZHU,ALPHA,2
UR,ALPHA,2
D42,ALNUM,2
WL,ALPHA,2
D17,ALNUM,2
APTT,ALPHA,2
ZUOJIA,ALPHA,2
NVER,ALPHA,2
IP,ALPHA,2
D51,ALNUM,2
NO5,ALNUM,2
78MMHG,ALNUM,2
D54,ALNUM,2
D29,ALNUM,2
D58,ALNUM,2
ZB,ALPHA,2
D65,ALNUM,2
D68,ALNUM,2
D73,ALNUM,2
NO1,ALNUM,2
D25,ALNUM,2
CHS,ALPHA,2
HCT,ALPHA,2
MARBOCYL,ALPHA,2
LIAO,ALPHA,2
JIE,ALPHA,2
CLEAR,ALPHA,2
LOF,ALPHA,2
COMFORT,ALPHA,2
MDR,ALPHA,2
DONE,ALPHA,2
GIAO,ALPHA,2
HUHU,ALPHA,2
K11,ALNUM,2
EF,ALPHA,2
2500ML,ALNUM,2
20G,ALNUM,2
FIONA,ALPHA,2
70S,ALNUM,2
DAY183,ALNUM,2
STRONGER,ALPHA,2
MEAN,ALPHA,2
TOTALLY,ALPHA,2
MALL,ALPHA,2
GOODBYE,ALPHA,2
WINDOWS,ALPHA,2
TY,ALPHA,2
VER,ALPHA,2
YEAR5,ALNUM,2
ORR,ALPHA,2
THREE,ALPHA,2
BIBIBI,ALPHA,2
DID,ALPHA,2
32MM,ALNUM,2
1000M,ALNUM,2
JHU89,ALNUM,2
SAM,ALPHA,2
DIP,ALPHA,2
AIRPODS,ALPHA,2
1A3,ALNUM,2
OHSUNNY,ALPHA,2
FAUN,ALPHA,2
TNM,ALPHA,2
REN,ALPHA,2
JEFF,ALPHA,2
MV,ALPHA,2
EOM,ALPHA,2
YIQING,ALPHA,2
INHIBITOR,ALPHA,2
EDGE,ALPHA,2
KUBO,ALPHA,2
LILI,ALPHA,2
22W,ALNUM,2
NKT,ALPHA,2
TL,ALPHA,2
STYLE,ALPHA,2
27MM,ALNUM,2
YE,ALPHA,2
47MM,ALNUM,2
43MM,ALNUM,2
2AMERICAN,ALNUM,2
CAL,ALPHA,2
1W2,ALNUM,2
YR,ALPHA,2
GAI,ALPHA,2
OKAY,ALPHA,2
40MM,ALNUM,2
WAY,ALPHA,2
PAMELA,ALPHA,2
BYEBYE,ALPHA,2
T1B,ALNUM,2
BUIBUI,ALPHA,2
BUILDJAKAPAN,ALPHA,2
SAFE,ALPHA,2
BD,ALPHA,2
TCB,ALPHA,2
OP,ALPHA,2
BULA,ALPHA,2
BUCKET,ALPHA,2
LES,ALPHA,2
PM,ALPHA,2
SHINE,ALPHA,2
PENCIL,ALPHA,2
MADE,ALPHA,2
GIVE,ALPHA,2
DONT,ALPHA,2
TOP2,ALNUM,2
CALM,ALPHA,2
THURSDAY,ALPHA,2
TOP,ALPHA,2
RBC975,ALNUM,2
BASE,ALPHA,2
OFFICE,ALPHA,2
PIK3CA,ALNUM,2
PROTOCOL,ALPHA,2
YUMMY,ALPHA,2
8K,ALNUM,2
1M,ALNUM,2
DAY94,ALNUM,2
THINK,ALPHA,2
SHR,ALPHA,2
YOU2,ALNUM,2
SWEET,ALPHA,2
WULI,ALPHA,2
NA,ALPHA,2
EMA,ALPHA,2
MAI,ALPHA,2
4CM2022,ALNUM,2
CODMAN,ALPHA,2
HOSPITAL,ALPHA,2
HOME,ALPHA,2
OTL,ALPHA,2
DAY178,ALNUM,2
FUNNY,ALPHA,2
HONEY,ALPHA,2
RHA,ALPHA,2
HARTMANN,ALPHA,2
SITE,ALPHA,2
VISIT,ALPHA,2
CYCLE,ALPHA,2
GOT,ALPHA,2
VINTAGE,ALPHA,2
G3,ALNUM,2
I131,ALNUM,2
JZ,ALPHA,2
HEAR,ALPHA,2
GH,ALPHA,2
Y4M5D19,ALNUM,2
CK,ALPHA,2
NBN,ALPHA,2
NHS,ALPHA,2
1CM2023,ALNUM,2
800CC,ALNUM,2
2M,ALNUM,2
6KG,ALNUM,2
45MG,ALNUM,2
HYQ,ALPHA,2
AIRPORT,ALPHA,2
MMS2,ALNUM,2
103CM,ALNUM,2
LLC,ALPHA,2
PROMISE,ALPHA,2
IDH,ALPHA,2
35CM,ALNUM,2
MAFEI,ALPHA,2
DIOR,ALPHA,2
ALP,ALPHA,2
CS182,ALNUM,2
YESU,ALPHA,2
GNRH,ALPHA,2
SAVED,ALPHA,2
SHOPPING,ALPHA,2
FAPI,ALPHA,2
GOR,ALPHA,2
ABC,ALPHA,2
ZJ,ALPHA,2
JASON,ALPHA,2
WEIBO,ALPHA,2
FACE,ALPHA,2
DAY76,ALNUM,2
FA,ALPHA,2
DAY104,ALNUM,2
DRAMA,ALPHA,2
PIA,ALPHA,2
PM2,ALNUM,2
BID,ALPHA,2
1500KM,ALNUM,2
HUAIYUN,ALPHA,2
CHEER,ALPHA,2
AWAY,ALPHA,2
DAY68,ALNUM,2
UNCONDITIONAL,ALPHA,2
RUN,ALPHA,2
QD,ALPHA,2
BODY,ALPHA,2
BIUBIUBIU,ALPHA,2
BARRETT,ALPHA,2
TRY,ALPHA,2
64KG,ALNUM,2
HB,ALPHA,2
EVIE,ALPHA,2
ZY,ALPHA,2
DWI,ALPHA,2
PRO,ALPHA,2
L858R,ALNUM,2
BEAT,ALPHA,2
CRC,ALPHA,2
LVB,ALPHA,2
LUAN,ALPHA,2
LAN,ALPHA,2
HIA,ALPHA,2
DINNER,ALPHA,2
ZR,ALPHA,2
DAY56,ALNUM,2
PCA,ALPHA,2
SECOND,ALPHA,2
MMS1,ALNUM,2
GBS,ALPHA,2
MH370,ALNUM,2
BIUBIU,ALPHA,2
PPY,ALPHA,2
AFTERNOON,ALPHA,2
46MM,ALNUM,2
SUR29,ALNUM,2
31KEITH,ALNUM,2
EVEN,ALPHA,2
WINDOW,ALPHA,2
O7,ALNUM,2
HCO,ALPHA,2
HANDLE,ALPHA,2
9K,ALNUM,2
CY,ALPHA,2
PLANB,ALPHA,2
PECT,ALPHA,2
HOTEL,ALPHA,2
SHANGHAI,ALPHA,2
BIT,ALPHA,2
TEE,ALPHA,2
24K,ALNUM,2
RNA,ALPHA,2
DEEP,ALPHA,2
DAMN,ALPHA,2
AMELIE,ALPHA,2
MLGB,ALPHA,2
AKA,ALPHA,2
SANG,ALPHA,2
THEN,ALPHA,2
21G,ALNUM,2
RESEARCH,ALPHA,2
GRANDE,ALPHA,2
GROWING,ALPHA,2
23G,ALNUM,2
SERENA,ALPHA,2
INTP,ALPHA,2
FAP,ALPHA,2
NMLGB,ALPHA,2
SKR,ALPHA,2
PH,ALPHA,2
LH,ALPHA,2
WHIPPLE,ALPHA,2
FULL,ALPHA,2
ARIANA,ALPHA,2
ICHEL,ALPHA,2
POLE,ALPHA,2
SSR,ALPHA,2
YOUR,ALPHA,2
DESERVES,ALPHA,2
CLASS,ALPHA,2
24CM,ALNUM,2
FUFU,ALPHA,2
O19,ALNUM,2
WC,ALPHA,2
LOT,ALPHA,2
IDOL,ALPHA,2
TROCAR,ALPHA,2
FINGERS,ALPHA,2
DOG,ALPHA,2
BENIGN,ALPHA,2
INSHA,ALPHA,2
JONYJ,ALPHA,2
CG,ALPHA,2
DUCK,ALPHA,2
ED,ALPHA,2
M6,ALNUM,2
KIND,ALPHA,2
P3P4,ALNUM,2
M8,ALNUM,2
VV,ALPHA,2
GONNA,ALPHA,2
NBCS,ALPHA,2
IM,ALPHA,2
OA,ALPHA,2
THERE,ALPHA,2
IMAGE,ALPHA,2
BREAKING,ALPHA,2
MRA,ALPHA,2
PANG,ALPHA,2
PEICT,ALPHA,2
POLA,ALPHA,2
SPA,ALPHA,2
SURPRISE,ALPHA,2
DOTA,ALPHA,2
FIVE,ALPHA,2
GUYS,ALPHA,2
NOTHING,ALPHA,2
CARES,ALPHA,2
3C1,ALNUM,2
PBC,ALPHA,2
TD,ALPHA,2
FEIFEIBABY,ALPHA,2
SMALLANGRYMAN,ALPHA,2
MS,ALPHA,2
LE,ALPHA,2
VB1,ALNUM,2
QA,ALPHA,2
ITP,ALPHA,2
ZUO,ALPHA,2
D101,ALNUM,2
OTZ,ALPHA,2
COVID19,ALNUM,2
DAY115,ALNUM,2
35MM,ALNUM,2
SOMEHOW,ALPHA,2
BM,ALPHA,2
TRAB,ALPHA,2
1O,ALNUM,2
WHICH,ALPHA,2
ANLOTINIB,ALPHA,2
T8,ALNUM,2
MARS,ALPHA,2
KADOCYLA,ALPHA,2
CBCT,ALPHA,2
BROTHER,ALPHA,2
TRIGGER,ALPHA,2
SOON,ALPHA,2
GUCCI,ALPHA,2
PAT,ALPHA,2
ER90,ALNUM,2
WANDA,ALPHA,2
O1,ALNUM,2
IA2,ALNUM,2
EMMMMMM,ALPHA,2
GHS,ALPHA,2
HELLOVENUS,ALPHA,2
16MM,ALNUM,2
PDL,ALPHA,2
8A,ALNUM,2
NEED,ALPHA,2
IGA,ALPHA,2
U1S1,ALNUM,2
WIN,ALPHA,2
NAT,ALPHA,2
JAN,ALPHA,2
FAPIPET,ALPHA,2
PACU,ALPHA,2
